
CREATE DATABASE lienminhhuyenthoai;

USE lienminhhuyenthoai;

CREATE TABLE `intrinsic` (
  `id` bigint NOT NULL,
  `idesc` varchar(500) DEFAULT NULL,
  `iname` varchar(255) DEFAULT NULL,
  `ivideo` varchar(255) DEFAULT NULL,
  `iimage` varchar(255) DEFAULT NULL,
  PRIMARY KEY (`id`)
);

INSERT INTO `intrinsic` VALUES (1,'Sau khi hạ 9 lính hoặc quái, Ahri sẽ được hồi máu. Khi tham gia hạ gục tướng, Ahri sẽ được hồi máu nhiều hơn.','HÚT HỒN','Ahri_i.mp4','AhriI.png'),(2,'Theo chu kỳ, đòn đánh kế tiếp của Aatrox gây thêm sát thương vật lý và hồi máu, dựa theo máu tối đa của mục tiêu.','ĐƯỜNG KIẾM TUYỆT DIỆT','Aatrox_i.mp4','AatroxI.png'),(3,'Dùng kỹ năng sát thương tướng địch tạo một vòng năng lượng quanh chúng. Rời khỏi vòng này cường hóa đòn đánh kế tiếp của Akali, giúp tăng tầm và sát thương.','DẤU ẤN SÁT THỦ','Akali_i.mp4','AkaliI.png'),(4,'Azir có thể triệu hồi Đĩa Mặt Trời từ tàn tích trụ.','DI SẢN CỦA SHURIMA','Azir_i.mp4','AzirI.png'),(5,'Cassiopeia được tăng Tốc độ Di chuyển mỗi cấp, nhưng không thể mua giày.','THẦN TỐC MÃNG XÀ','Cassiopeia_i.mp4','CassiopeiaI.png'),(6,'Khi Máu LeBlanc xuống dưới 40%, cô trở nên vô hình trong 1 giây và tạo một Ảo Ảnh không gây sát thương tồn tại tối đa 8 giây.','ẢO ẢNH','Leblanc_i.mp4','LeblancI.png'),(7,'Syndra thu thập các Mảnh Vụn Quyền Năng của cô khi lên cấp và gây sát thương lên kẻ địch, thứ sẽ giúp nâng cấp các kỹ năng của cô. Quả Cầu Bóng Tối: Syndra có thể giữ thêm một tích trữ kỹ năng Ý Lực: Gây thêm sát thương chuẩn. Quét Tan Kẻ Yếu: Tăng độ rộng kỹ năng và làm chậm tất cả mục tiêu Bùng Nổ Sức Mạnh: Kết liễu kẻ địch thấp máu','TỐI THƯỢNG','Syndra_i.mp4','SyndraI.png'),(8,'Tỉ lệ Chí mạng của Yasuo được gia tăng. Ngoài ra, Yasuo tích lá chắn mỗi khi di chuyển. Lá chắn kích hoạt khi anh chịu sát thương từ tướng hoặc quái.','ĐẠO CỦA LÃNG KHÁCH','Yasuo_i.mp4','YasuoI.png'),(9,'Đòn đánh cơ bản của Zed gây thêm Sát thương Phép lên kẻ địch thấp máu. Hiệu ứng này chỉ có thể xảy ra một lần mỗi vài giây lên tướng địch.','KHINH THƯỜNG KẺ YẾU','Zed_i.mp4','ZedI.png'),(10,'Sau khi tiêu diệt một đơn vị, Twisted Fate lắc xúc xắc \'may mắn\' của mình để nhận thêm từ 1 đến 6 vàng.','GIAN LẬN','TwistedFate_i.mp4','TwistedFateI.png'),(11,'Yone gây sát thương phép ở mỗi đòn Tấn công thứ hai. Bên cạnh đó, tỉ lệ chí mạng cũng được tăng.','ĐẠO CỦA KẺ SĂN','Yone_i.mp4','YoneI.png'),(12,'Đòn đánh thường của Xerath hồi Năng Lượng theo định kì. Mỗi khi Xerath kết liễu 1 đơn vị, hồi chiêu sẽ giảm đi.','ÁP XUNG NĂNG LƯỢNG','Xerath_i.mp4','XerathI.png'),(13,'Veigar là kẻ xấu xa tà ác vĩ đại nhất từng tồn tại trên Runeterra - và hắn ngày một vĩ đại hơn! Dùng kỹ năng trúng tướng hoặc tham gia hạ gục giúp Veigar tăng vĩnh viễn Sức mạnh Phép thuật.','SỨC MẠNH QUỶ QUYỆT','Veigar_i.mp4','VeigarI.png'),(14,'Đòn đánh của Sett đổi qua lại giữa tay trái và tay phải. Cú đấm tay phải mạnh và nhanh hơn một chút. Sett cũng được tăng tốc độ phục hồi máu dựa theo máu đã mất.','VUA ĐẤU TRƯỜNG','Sett_i.mp4','SettI.png'),(15,'Jinx nhận lượng lớn Tốc độ Di chuyển và Tốc độ Đánh khi tham gia hạ gục tướng, công trình, hoặc quái khủng.','HƯNG PHẤN!','Jinx_i.mp4','JinxI.png'),(16,'Ra lệnh di chuyển khi Kalista đang đánh thường hoặc dùng Đâm Xuyên sẽ khiến cô phóng về hướng đó khi tung đòn đánh.','PHONG THÁI QUÂN NHÂN','Kalista_i.mp4','KalistaI.png'),(17,'Sau khi Lee Sin sử dụng một kỹ năng, 2 đòn đánh kế tiếp tăng Tốc độ Đánh và hồi Nội Năng.','LOẠN ĐẢ','Leesin_i.mp4','LeeSinI.png'),(18,'Mỗi khi Lucian sử dụng kỹ năng, đòn đánh tiếp theo của anh sẽ bắn hai phát đạn. Khi nhận được hồi máu hay tạo lá chắn từ đồng minh, hoặc khi một tướng địch gần đó bị làm bất động, hai đòn đánh tiếp theo của Lucian gây thêm sát thương phép.','XẠ THỦ ÁNH SÁNG','Lucian_i.mp4','LucianI.png');

CREATE TABLE `w_skill` (
  `id` bigint NOT NULL,
  `wdesc` varchar(500) DEFAULT NULL,
  `wname` varchar(255) DEFAULT NULL,
  `wvideo` varchar(255) DEFAULT NULL,
  `wimage` varchar(255) DEFAULT NULL,
  PRIMARY KEY (`id`)
);

INSERT INTO `w_skill` VALUES (1,'Ahri nhận thêm Tốc độ Di chuyển và triệu hồi ra ba ngọn lửa hồ ly, tự động khóa mục tiêu và tấn công những kẻ địch ở gần.','LỬA HỒ LY','Ahri_w.mp4','AhriW.png'),(2,'Aatrox đập kiếm xuống đất, gây sát thương lên kẻ địch đầu tiên trúng phải. Tướng và quái to phải nhanh rời vùng tác động nếu không muốn bị kéo về tâm và chịu sát thương lần nữa.','XIỀNG XÍCH ĐỊA NGỤC','Aatrox_w.mp4','AatroxW.png'),(3,'Akali ném bom khói và nhận thêm Tốc độ Di chuyển trong thoáng chốc. Khi đứng trong khói mù, Akali được vô hình và không thể bị chỉ định. Tấn công hoặc dùng kỹ năng thoáng làm cô lộ diện.','BOM KHÓI','Akali_w.mp4','AkaliW.png'),(4,'Azir triệu hồi ra một Binh Sĩ Cát và sử dụng nó như một công cụ để tấn công các kẻ địch trong tầm đánh của quân lính. Những đòn đánh này sẽ gây sát thương phép lên kẻ địch theo đường thẳng. Trỗi Dậy! Cũng tăng tốc độ đánh nội tại cho Azir và các Binh Sĩ Cát.','TRỖI DẬY!','Azir_w.mp4','AzirW.png'),(5,'Cassiopeia phun độc thành hình cung trước mặt, để lại một đám mây độc trên mặt đất. Kẻ địch đứng trong chướng khí liên tục trúng độc, khiến chúng chịu sát thương theo thời gian, bị làm chậm và sa lầy. Kẻ địch bị sa lầy không thể dùng kỹ năng di chuyển.','CHƯỚNG KHÍ','Cassiopeia_w.mp4','CassiopeiaW.png'),(6,'LeBlanc lướt tới vị trí chỉ định, gây sát thương lên các đơn vị gần đó. Trong 4 giây tiếp theo, cô có thể kích hoạt Biến Ảnh lần nữa để trở về điểm bắt đầu.','BIẾN ẢNH','Leblanc_w.mp4','LeblancW.png'),(7,'Syndra thu vào rồi quẳng đi một Quả cầu Bóng Tối, hoặc lính địch, gây sát thương phép và làm chậm Tốc độ Di chuyển của những nạn nhân trúng phải.','Ý LỰC','Syndra_w.mp4','SyndraW.png'),(8,'Tạo tường gió chặn các luồng đạn của kẻ địch trong 4 giây.','TƯỜNG GIÓ','Yasuo_w.mp4','YasuoW.png'),(9,'Phân thân của Zed lướt tới trước rồi yên vị trong 5 giây, nó thể bắt chước các kĩ năng hắn tung ra. Zed có thể tái kích hoạt kĩ năng để đổi chỗ với phân thân.','PHÂN THÂN BÓNG TỐI','Zed_w.mp4','ZedW.png'),(10,'Twisted Fate chọn một lá bài ma thuật trong bộ bài của mình, sử dụng nó trong đòn đánh kế tiếp, gây thêm hiệu ứng.','CHỌN BÀI','TwistedFate_w.mp4','TwistedFateW.png'),(11,'Chém về phía trước, gây sát thương lên tất cả kẻ địch theo hình nón. Tạo một lớp lá chắn cho Yone và giá trị của lớp lá chắn này sẽ tăng lên dựa trên số tướng địch trúng chiêu. Thời gian hồi và thời gian thi triển của Trảm Hồn sẽ tỉ lệ với tốc độ đánh.','TRẢM HỒN','Yone_w.mp4','YoneW.png'),(12,'ạo ra một vùng năng lượng thần bí gây sát thương phép và làm chậm các kẻ địch đứng trong đó. Mục tiêu ở tâm chịu thêm sát thương và làm chậm.','VỤ NỔ NĂNG LƯỢNG','Xerath_w.mp4','XerathW.png'),(13,'Veigar gọi một cục thiên thạch đen khổng lồ rơi xuống địa điểm chỉ định, gây sát thương phép khi chạm đất. Cộng dồn Quỷ Quyệt giảm hồi chiêu của Thiên Thạch Đen.','THIÊN THẠCH ĐEN','Veigar_w.mp4','VeigarW.png'),(14,'Sett tích sát thương gánh chịu dưới dạng Điểm Gan Góc. Khi sử dụng, Sett dùng tất cả Điểm Gan Góc tích trữ để nhận một lá chắn và đấm một vùng rộng, gây sát thương chuẩn ở trung tâm và sát thương vật lý ở hai bên.','CUỒNG THÚ QUYỀN','Sett_w.mp4','SettW.png'),(15,'Jinx sử dụng Giật Bắn, khẩu súng phóng điện, bắn một luồng sáng làm chậm, gây sát thương và làm lộ diện kẻ địch đầu tiên trúng phải.','GIẬT BẮN!','Jinx_w.mp4','JinxW.png'),(16,'Gây thêm sát thương khi Kalista và Thệ Ước tấn công cùng một mục tiêu. Kích hoạt để thả hồn ma do thám soi sáng khu vực trước mặt nó.','HỒN MA DO THÁM','Kalista_w.mp4','KalistaW.png'),(17,'Hộ Thể: Lee Sin lướt đến một đơn vị đồng minh, bảo vệ bản thân khỏi sát thương. Nếu mục tiêu là tướng đồng minh, cả hai đều được bảo vệ. Sau khi sử dụng Hộ Thể, Lee Sin có thể niệm Kiên Định. Kiên Định: Sự dày công khổ luyện giúp Lee Sin tung hoành trên chiến trường. Lee Sin được tăng Hút Máu, Hút Máu Phép.','HỘ THỂ / KIÊN ĐỊNH','Leesin_w.mp4','LeeSinW.png'),(18,'Lucian bắn ra một viên đạn phát nổ thành hình sao, đánh dấu và làm lộ diện kẻ địch. Lucian được tăng Tốc độ Di chuyển về phía kẻ địch bị đánh dấu.','TIA SÁNG RỰC CHÁY','Lucian_w.mp4','LucianW.png');

CREATE TABLE `q_skill` (
  `id` bigint NOT NULL,
  `qdesc` varchar(500) DEFAULT NULL,
  `qname` varchar(255) DEFAULT NULL,
  `qvideo` varchar(255) DEFAULT NULL,
  `qimage` varchar(255) DEFAULT NULL,
  PRIMARY KEY (`id`)
);

INSERT INTO `q_skill` VALUES (1,'Ahri phóng ra và thu lại quả cầu ma thuật của mình, gây sát thương phép trên đường phóng đi và sát thương chuẩn trên đường thu về.','QUẢ CẦU MA THUẬT','Ahri_q.mp4','AhriQ.png'),(2,'Aatrox đập kiếm xuống đất, gây sát thương vật lý. Có thể chém ba lần, mỗi lần có một diện tác dụng khác nhau.','QUỶ KIẾM DARKIN','Aatrox_q.mp4','AatroxQ.png'),(3,'Akali ném ra năm phi đao, gây sát thương dựa trên Sức mạnh Công kích cộng thêm và Sức mạnh Phép thuật của cô, đồng thời làm chậm.','PHI ĐAO NĂM CÁNH','Akali_q.mp4','AkaliQ.png'),(4,'Azir lệnh cho tất cả Binh Sĩ Cát lao về hướng đã chọn. Binh Sĩ Cát gây sát thương phép lên tất cả mục tiêu chúng lướt qua và gây hiệu ứng làm chậm trong 1 giây.','CÁT CÀN QUÉT','Azir_q.mp4','AzirQ.png'),(5,'Cassiopeia tạo ra một vụ nổ Độc tại một khu vực sau thoáng chốc, tăng cho ả Tốc độ Di chuyển nếu như tung kỹ năng trúng tướng địch.','VỤ NỔ ĐỘC HẠI','Cassiopeia_q.mp4','CassiopeiaQ.png'),(6,'LeBlanc bắn dấu ấn ra, gây sát thương và đánh dấu mục tiêu trong 3,5 giây. Dùng kỹ năng sát thương mục tiêu bị đánh dấu sẽ kích nổ ấn, gây thêm sát thương. Nếu một trong hai sát thương này tiêu diệt mục tiêu, LeBlanc được hoàn trả Năng Lượng tiêu hao và thời gian hồi chiêu còn lại của kỹ năng này.','ẤN ÁC Ý','Leblanc_q.mp4','LeblancQ.png'),(7,'Syndra tạo ra một Quả Cầu Bóng Tối gây sát thương phép. Quả cầu sẽ vẫn nằm yên ở vị trí đó và có thể bị thao túng bởi những sức mạnh khác của cô.','QUẢ CẦU BÓNG TỐI','Syndra_q.mp4','SyndraQ.png'),(8,'Đâm tới, sát thương tất cả kẻ địch trên đường thẳng. Khi trúng, cho một cộng dồn Tụ Bão trong vài giây. Ở 2 cộng dồn, Bão Kiếm bắn ra lốc xoáy hất kẻ địch Lên Không. Bão Kiếm được coi như đòn đánh thường.','BÃO KIẾM','Yasuo_q.mp4','YasuoQ.png'),(9,'Zed cùng phân thân bóng tối xoáy kiếm về phía trước, gây sát thương lên các đơn vị bị kĩ năng bay xuyên qua.','PHI TIÊU SẮC LẺM','Zed_q.mp4','ZedQ.png'),(10,'Phóng ba lá bài theo hình nón, gây sát thương cho mỗi đơn vị nó đi qua.','PHI BÀI','TwistedFate_q.mp4','TwistedFateQ.png'),(11,'Đâm kiếm về phía trước, gây sát thương lên tất cả kẻ địch trên đường thẳng. Khi trúng, cho một cộng dồn Tụ Bão trong vài giây. Ở hai cộng dồn, Tử Kiếm sẽ giúp Yone lướt về phía trước cùng một cơn gió, Hất Tung kẻ địch. Tử Kiếm được coi như đòn đánh thường.','TỬ KIẾM','Yone_q.mp4','YoneQ.png'),(12,'Bắn một dải năng lượng tầm xa, gây sát thương phép lên tất cả mục tiêu trúng phải.','XUNG KÍCH NĂNG LƯỢNG','Xerath_q.mp4','XerathQ.png'),(13,'Phóng thích năng lượng bóng tối gây sát thương phép lên hai kẻ địch đầu tiên trúng chiêu. Nếu đơn vị đó bị hạ gục, Veigar được tăng Sức mạnh Phép thuật.','ĐIỀM GỞ','Veigar_q.mp4','VeigarQ.png'),(14,'Hai đòn đánh kế tiếp của Sett gây thêm sát thương dựa theo máu tối đa của mục tiêu. Sett cũng được tăng Tốc độ Di chuyển khi đi về phía tướng địch.','KHÔNG TRƯỢT PHÁT NÀO','Sett_q.mp4','SettQ.png'),(15,'Jinx chuyển hóa các đòn đánh thường bằng cách hoán đổi giữa Bằng Chíu, khẩu súng nhỏ với Xương Cá, khẩu súng phóng lựu. Các phát bắn bằng Bằng Chíu sẽ tăng Tốc độ Đánh, còn các phát bắn bằng Xương Cá sẽ gây sát thương trên diện rộng, và gia tăng tầm bắn, nhưng bù lại sẽ tiêu hao Năng Lượng cũng như tốc độ bắn giảm.','TRÁO HÀNG!','Jinx_q.mp4','JinxQ.png'),(16,'Kalista phóng ra một mũi giáo bay cực nhanh.','ĐÂM XUYÊN','Kalista_q.mp4','KalistaQ.png'),(17,'Sóng Âm: Lee Sin chưởng ra một luồng sóng nghịch âm nhằm định vị mục tiêu, gây sát thương vật lí lên kẻ địch đầu tiên trúng phải. Nếu Sóng Âm trúng mục tiêu, Lee Sin có thể sử dụng Vô Ảnh Cước trong 3 giây kế tiếp. Vô Ảnh Cước: Lee Sin phóng tới kẻ địch trúng phải Sóng Âm, gây sát thương vật lý dựa trên máu đã mất của mục tiêu.','SÓNG ÂM / VÔ ẢNH CƯỚC','Leesin_q.mp4','LeeSinQ.png'),(18,'TIA SÁNG XUYÊN THẤU','TIA SÁNG XUYÊN THẤU','Lucian_q.mp4','LucianQ.png');

CREATE TABLE `e_skill` (
  `id` bigint NOT NULL,
  `edesc` varchar(500) DEFAULT NULL,
  `ename` varchar(255) DEFAULT NULL,
  `evideo` varchar(255) DEFAULT NULL,
  `eimage` varchar(255) DEFAULT NULL,
  PRIMARY KEY (`id`)
);

INSERT INTO `e_skill` VALUES (1,'Ahri hôn gió, gây sát thương và mê hoặc kẻ địch đầu tiên trúng chiêu, ngay lập tức ngắt quãng kỹ năng di chuyển và khiến chúng bước về phía cô một cách vô hại.','HÔN GIÓ','Ahri_e.mp4','AhriE.png'),(2,'Nội tại giúp Aatrox hồi máu khi gây sát thương lên tướng. Kích hoạt giúp Aatrox lướt theo hướng chỉ định.','BỘ PHÁP HẮC ÁM','Aatrox_e.mp4','AatroxE.png'),(3,'Akali nhảy lùi lại và phóng phi tiêu ra trước mặt, gây sát thương phép. Kẻ địch đầu tiên hoặc khói mù trúng phải bị đánh dấu. Tái kích hoạt để lướt tới chỗ mục tiêu bị đánh dấu, gây thêm sát thương.','PHÓNG PHI TIÊU','Akali_e.mp4','AkaliE.png'),(4,'Azir tạo lá chắn cho bản thân và lướt tới chỗ một Binh Sĩ Cát, gây sát thương lên kẻ địch. Nếu lướt trúng tướng, ngài ngay lập tức dừng lướt và nhận được một tích trữ Binh Sĩ Cát.','CÁT LƯU ĐỘNG','Azir_e.mp4','AzirE.png'),(5,'Cassiopeia tung ra một đòn đánh vào mục tiêu, hồi máu cho ả. Nếu bị trúng độc, mục tiêu chịu thêm sát thương. Nếu mục tiêu bị hạ gục, Cassiopeia được hồi lại năng lượng.','NANH ĐỘC','Cassiopeia_e.mp4','CassiopeiaE.png'),(6,'LeBlanc tung sợi xích ảo thuật vào vị trí chỉ định. Nếu trúng một đơn vị địch, nó sẽ xích lấy chúng. Nếu mục tiêu vẫn bị xích trong 1.5 giây, LeBlanc trói chân kẻ đó và gây thêm sát thương.','SỢI XÍCH SIÊU PHÀM','Leblanc_e.mp4','LeblancE.png'),(7,'Syndra hất văng kẻ địch và các Quả Cầu Bóng Tối đi gây sát thương phép. Ngoài ra các nạn nhân bị Quả Cầu Bóng Tối va phải sẽ bị choáng.','QUÉT TAN KẺ YẾU','Syndra_e.mp4','SyndraE.png'),(8,'Lướt xuyên qua mục tiêu, gây sát thương phép. Mỗi lần lướt sẽ tăng sát thương của lần lướt kế tiếp (có giới hạn tối đa). Không thể dùng lên cùng một kẻ địch trong vài giây. Nếu dùng Bão Kiếm khi đang lướt, nó sẽ tấn công theo hình tròn.','QUÉT KIẾM','Yasuo_e.mp4','YasuoE.png'),(9,'Zed cùng Phân Thân xoáy lưỡi kiếm, bắn ra một luồng sóng năng lượng hắc ám. Sóng kiếm xoáy của phân thân gây hiệu ứng làm chậm. Những nạn nhân trúng phải Đường Kiếm Bóng Tối của phân thân sẽ bị làm chậm.','ĐƯỜNG KIẾM BÓNG TỐI','Zed_e.mp4','ZedE.png'),(10,'Mỗi 4 cú đánh, Twisted Fate gây thêm sát thương. Ngoài ra, Tốc độ Đánh của hắn được gia tăng.','TRÁO BÀI','TwistedFate_e.mp4','TwistedFateE.png'),(11,'Linh hồn của Yone rời khỏi thể xác phía sau và tăng Tốc độ Di chuyển. Khi kỹ năng kết thúc, linh hồn của Yone sẽ buộc phải quay trở lại và gây một lượng sát thương dựa trên lượng đã gây ra ở dạng linh hồn.','XUẤT HỒN','Yone_e.mp4','YoneE.png'),(12,'Gây sát thương phép lên một kẻ địch và làm choáng nạn nhân đó.','ĐIỆN TÍCH CẦU','Xerath_e.mp4','XerathE.png'),(13,'Veigar xoắn vặn không gian, tạo ra một lồng giam Làm choáng kẻ địch dám bước qua.','BẺ CONG KHÔNG GIAN','Veigar_e.mp4','VeigarE.png'),(14,'Sett kéo tất cả kẻ địch đứng đối diện lại gần, gây sát thương và làm choáng. Nếu kẻ địch đứng hết về một bên, chúng chỉ bị làm chậm thay vì choáng.','SONG THÚ CHƯỞNG','Sett_e.mp4','SettE.png'),(15,'Jinx ném ra một hàng lựu đạn, thứ sẽ phát nổ sau 5 giây, đốt cháy những kẻ địch. Lựu Đạn Ma Hỏa sẽ táp vào các tướng địch bước lên chúng, trói chân các nạn nhân đó.','LỰU ĐẠN MA HỎA!','Jinx_e.mp4','JinxE.png'),(16,'Các đòn đánh phóng giáo xuyên kẻ địch. Kích hoạt để rút các mũi giáo ra, làm chậm và gây sát thương gia tăng.','GIÀY VÒ','Kalista_e.mp4','KalistaE.png'),(17,'Địa Chấn: Lee Sin dậm xuống đất tạo sóng âm gây sát thương phép và làm lộ diện kẻ địch trúng phải. Nếu Địa Chấn đánh trúng một kẻ địch, Lee Sin có thể thi triển Dư Chấn. Dư Chấn: Lee Sin làm tê liệt kẻ địch chịu sát thương từ Địa Chấn, làm giảm Tốc Độ Di Chuyển của chúng. Tốc Độ Di Chuyển sẽ hồi phục dần theo thời gian.','ĐỊA CHẤN / DƯ CHẤN','Leesin_e.mp4','LeeSinE.png'),(18,'Lucian lướt đi một đoạn ngắn. Các đòn tấn công từ nội tại Xạ Thủ Ánh Sáng sẽ giảm thời gian hồi của Truy Cùng Diệt Tận.','TRUY CÙNG DIỆT TẬN','Lucian_e.mp4','LucianE.png');


CREATE TABLE `r_skill` (
  `id` bigint NOT NULL,
  `rdesc` varchar(500) DEFAULT NULL,
  `rname` varchar(255) DEFAULT NULL,
  `rvideo` varchar(255) DEFAULT NULL,
  `rimage` varchar(255) DEFAULT NULL,
  PRIMARY KEY (`id`)
);

INSERT INTO `r_skill` VALUES (1,'Ahri lướt đi và bắn ra những tia sét linh hồn, gây sát thương lên kẻ địch xung quanh. Phi Hồ có thể được sử dụng tối đa ba lần trước khi hồi chiêu, và nhận được thêm một lần tái sử dụng với mỗi mạng tham gia hạ gục tướng địch.','PHI HỒ','Ahri_r.mp4','AhriR.png'),(2,'Aatrox hóa quỷ, làm hoảng sợ lính địch gần đó và được cộng SMCK, tăng hồi máu cũng như Tốc độ Di chuyển. Nếu hắn tham gia hạ gục, hiệu ứng này được kéo dài.','CHIẾN BINH TẬN THẾ','Aatrox_r.mp4','AatroxR.png'),(3,'Akali lướt theo hướng chỉ định, gây sát thương lên kẻ địch trúng chiêu. Tái kích hoạt: Akali lướt theo hướng chỉ định, kết liễu tất cả kẻ địch trúng chiêu.','SÁT CHIÊU HOÀN HẢO','Akali_r.mp4','AkaliR.png'),(4,'Azir triệu hồi ra một bức tường những binh sĩ xông tới, đẩy lùi và sát thương kẻ địch.','PHÂN CHIA THIÊN HẠ','Azir_r.mp4','AzirR.png'),(5,'Cassiopeia phóng thích một vòng xoáy năng lượng ma thuật từ đôi mắt của ả, làm choáng tất cả kẻ địch đối diện và làm chậm những kẻ dám quay lưng lại.','CÁI NHÌN HÓA ĐÁ','Cassiopeia_r.mp4','CassiopeiaR.png'),(6,'LeBlanc tạo một bản sao dùng phiên bản mô phỏng một trong các kỹ năng cơ bản.','MÔ PHỎNG','Leblanc_r.mp4','LeblancR.png'),(7,'Syndra oanh tạc một tướng địch với tất cả những Quả Cầu Bóng Tối của cô.','BÙNG NỔ SỨC MẠNH','Syndra_r.mp4','SyndraR.png'),(8,'Dịch chuyển đến chỗ một tướng địch đang bị Hất Lên Không, gây sát thương vật lý và giữ tất cả những kẻ địch cùng bị Hất Lên Không ở xung quanh trên không thêm một chút. Hồi đầy thanh Nhịp nhưng xóa hết cộng dồn của Tụ Bão. Trong một khoảng thời gian sau đó, những đòn chí mạng của Yasuo sẽ nhận một lượng lớn Xuyên Giáp Cộng Thêm.','TRĂNG TRỐI','Yasuo_r.mp4','YasuoR.png'),(9,'Zed để lại một cái bóng sau lưng rồi lướt tới tướng mục tiêu, khắc dấu ấn tử thần lên nạn nhân. Sau 3 giây, dấu ấn sẽ kích nổ, gây một số phần trăm sát thương Zed đã gây ra khi dấu ấn còn trong thời gian hiệu lực. Nếu tướng địch chết dưới tác dụng của Dấu Ấn Tử Thần, Zed có thể đánh cắp một phần Sức mạnh Công kích của nạn nhân.','DẤU ẤN TỬ THẦN','Zed_r.mp4','ZedR.png'),(10,'Twisted Fate đoán trước được số phận của kẻ địch, phát hiện tất cả tướng địch, và có khả năng sử dụng Dịch Chuyển, khiến cho Twisted Fate có thể biến đến bất kì vị trí nào trong 1.5 giây.','ĐỊNH MỆNH','TwistedFate_r.mp4','TwistedFateR.png'),(11,'Yone dịch chuyển ra phía sau kẻ địch cuối cùng trên đường thẳng với một cú chém đoạt mệnh, đồng thời, kéo chúng về phía mình.','ĐOẠT MỆNH','Yone_r.mp4','YoneR.png'),(12,'Xerath tự cố định vị trí của bản thân rồi nhận được nhiều lần công kích ma pháp trên diện rộng với tầm thi triển cực xa.','NGHI THỨC MA PHÁP','Xerath_r.mp4','XerathR.png'),(13,'Phóng chưởng vào tướng địch, gây lượng sát thương phép cực lớn, tăng theo lượng máu đã mất của mục tiêu.','VỤ NỔ VŨ TRỤ','Veigar_r.mp4','VeigarR.png'),(14,'Sett ôm theo tướng địch lên không và quật kẻ đó xuống đất, gây sát thương và làm chậm tất cả kẻ địch gần đó khi hạ cánh.','HỦY DIỆT ĐẤU TRƯỜNG','Sett_r.mp4','SettR.png'),(15,'Jinx bắn ra một quả siêu tên lửa bay toàn bản đồ, thứ vũ khí sẽ được gia tăng sát thương gây ra dựa trên khoảng cách nó đã bay. Quả tên lửa sẽ phát nổ khi va chạm với một tướng địch, gây sát thương lên nạn nhân chính cũng như các kẻ địch xung quanh đấy dựa trên số Máu chúng đã tổn thất.','TÊN LỬA ĐẠN ĐẠO SIÊU KHỦNG KHIẾP!','Jinx_r.mp4','JinxR.png'),(16,'Dịch chuyển một đồng minh đến với Kalista. Họ có thể lướt tới một vị trí và đẩy lùi tất cả kẻ địch lại.','ĐỊNH MỆNH VẪY GỌI','Kalista_r.mp4','KalistaR.png'),(17,'Lee Sin tung cước đá văng mục tiêu về phía sau, gây sát thương vật lí lên nạn nhân và bất cứ kẻ địch nào bị va phải. Những kẻ địch mà bị mục tiêu va phải trên đường bay sẽ bị hất văng lên không trung trong một thời gian ngắn. Chiêu thức này được truyền dạy bởi Jesse Perring, mặc dù Lee Sin không đá văng người chơi ra khỏi bản đồ.','NỘ LONG CƯỚC','Leesin_r.mp4','LeeSinR.png'),(18,'Lucian phóng thích ra một luồng đạn từ vũ khí của mình.','THANH TRỪNG','Lucian_r.mp4','LucianR.png');


CREATE TABLE `images` (
  `id` bigint NOT NULL,
  `img1` varchar(255) DEFAULT NULL,
  `img2` varchar(255) DEFAULT NULL,
  `img3` varchar(255) DEFAULT NULL,
  `img_name1` varchar(255) DEFAULT NULL,
  `img_name2` varchar(255) DEFAULT NULL,
  `img_name3` varchar(255) DEFAULT NULL,
  `img4` varchar(255) DEFAULT NULL,
  `img_name4` varchar(255) DEFAULT NULL,
  PRIMARY KEY (`id`)
);

INSERT INTO `images` VALUES (1,'Ahri_1.jpg','Ahri_2.jpg','Ahri_3.jpg','AHRI HÀN TRIỀU','AHRI HỎA HỒ LY','KDA AHRI','Ahri_4.jpg','AHRI QUÁN QUÂN'),(2,'Aatrox_1.jpg','Aatrox_2.jpg','Aatrox_3.jpg','AATROX HUYẾT NGUYỆT','AATROX HÀNG HIỆU','AATROX MÁY MÓC','Aatrox_4.jpg','AATROX VINH QUANG'),(3,'Akali_1.jpg','Akali_2.jpg','Akali_3.jpg','KDA AKALI','AKALI THỢ SĂN','AKALI HÀNG HIỆU','Akali_4.jpg','AKALI HUYẾT NGUYỆT'),(4,'Azir_1.jpg','Azir_2.jpg','Azir_3.jpg','AZIR THẦN MỘ','AZIR ĐINH DẬU','AZIR THẦN RỪNG','Azir_4.jpg','T1 AZIR'),(5,'Cassiopeia_1.jpg','Cassiopeia_2.jpg','Cassiopeia_3.jpg','CASSIOPEIA NỔI LOẠN','CASSIOPEIA TIÊN CÁ','CASSIOPEIA TIÊN CẢNH','Cassiopeia_4.jpg','CASSIOPEIA TIÊN HẮC ÁM'),(6,'Leblanc_1.jpg','Leblanc_2.jpg','Leblanc_3.jpg','LEBLANC TẦM GỬI','LEBLANC ẢO THUẬT','IG LEBLANC','Leblanc_4.jpg','LEBLANC THẦN RỪNG'),(7,'Syndra_1.jpg','Syndra_2.jpg','Syndra_3.jpg','SYNDRA ĐẦM RÔ','SYNDRA NGÀY TUYẾT RƠI','SYNDRA TIỆC BỂ BƠI','Syndra_4.jpg','SYNDRA HÀNG HIỆU'),(8,'Yasuo_1.jpg','Yasuo_2.jpg','Yasuo_3.jpg','YASUO CAO BỒI','YASUO HUYẾT NGUYỆT','YASUO MA KIẾM','Yasuo_4.jpg','YASUO KIẾM KHÁCH KHÔNG GIAN'),(9,'Zed_1.jpg','Zed_2.jpg','Zed_3.jpg','ZED LÔI KIẾM','ZED HUYẾT NGUYỆT','ZED TỬ THẦN KHÔNG GIAN','Zed_4.jpg','ZED THANH LỊCH'),(10,'TwistedFate_1.jpg','TwistedFate_2.jpg','TwistedFate_3.jpg','TWISTEDFATE CAO BỒI','TWISTEDFATE ÂM PHỦ','TWISTEDFATE BỒI CƠ','TwistedFate_4.jpg','TWISTEDFATE KHÔNG GIAN'),(11,'Yone_1.jpg','Yone_2.jpg','Yone_3.jpg','YONE TÀ ẢNH SONG KIẾM','YONE TIỆC BỂ BƠI','YONE KIẾM KHÁCH KHÔNG GIAN','Yone_4.jpg','YONE NHẠC HỘI BÃI BIỂN'),(12,'Xerath_1.jpg','Xerath_2.jpg','Xerath_3.jpg','XERATH PHÁP SƯ THĂNG HOA','XERATH HẮC TINH','XERATH ÂM PHỦ','Xerath_4.jpg','XERATH HUYẾT NGUYỆT'),(13,'Veigar_1.jpg','Veigar_2.jpg','Veigar_3.jpg','VEIGAR SANTA XẤU XA','VEIGAR RÂU XÁM','VEIGAR PHÁP SƯ VŨ TRỤ','Veigar_4.jpg','BEE VEIGAR '),(14,'Sett_1.jpg','Sett_2.jpg','Sett_3.jpg','SETT LOẠN THẾ CUỒNG BINH','SETT TIỆC BỂ BƠI','SETT CAO BỒI','Sett_4.jpg','SETT NHẠC HỘI BÃI BIỂN'),(15,'Jinx_1.jpg','Jinx_2.jpg','Jinx_3.jpg','JINX GIÁNG SINH','JINX PHÁO HOA','JINX THẾ GIỚI NGẦM','Jinx_4.jpg','JINX XÁC SỐNG'),(16,'Kalista_1.jpg','Kalista_2.jpg','Kalista_3.jpg','KALISTA HUYẾT NGUYỆT','SKT T1 KALISTA','KALISTA TOÁN CƯỚP HẮC ÁM','Kalista_4.jpg','KALISTA THỢ SĂN'),(17,'LeeSin_1.jpg','LeeSin_2.jpg','LeeSin_3.jpg','LEE TIỂU LONG','LEESIN QUYỀN THÁI','LEESIN NỘ LONG CƯỚC','LeeSin_4.jpg','LEESIN NỐC AO'),(18,'Lucian_1.jpg','Lucian_2.jpg','Lucian_3.jpg','LUCIAN HUYẾT NGUYỆT','LUCIAN XẠ THỦ ÁNH SÁNG','LUCIAN DÂN CHƠI DEMACIA','Lucian_4.jpg','LUCIAN CAO BỒI');

CREATE TABLE `roles` (
  `id` bigint NOT NULL AUTO_INCREMENT,
  `description` varchar(255) DEFAULT NULL,
  `name` varchar(255) DEFAULT NULL,
  PRIMARY KEY (`id`)
);

INSERT INTO `roles` VALUES (3,'Admin thì full quyền','ADMIN'),(4,'User thông thường','USER');

CREATE TABLE `users` (
  `id` bigint NOT NULL AUTO_INCREMENT,
  `address` varchar(255) DEFAULT NULL,
  `avatar` varchar(255) DEFAULT NULL,
  `email` varchar(255) DEFAULT NULL,
  `full_name` varchar(255) DEFAULT NULL,
  `password` varchar(255) DEFAULT NULL,
  `phone` varchar(255) DEFAULT NULL,
  `role_id` bigint DEFAULT NULL,
  PRIMARY KEY (`id`),
  KEY `FKp56c1712k691lhsyewcssf40f` (`role_id`),
  CONSTRAINT `FKp56c1712k691lhsyewcssf40f` FOREIGN KEY (`role_id`) REFERENCES `roles` (`id`)
);

INSERT INTO `users` VALUES (26,'aaaa','1716544619002-Screenshot (8).png','user@gmail.com','user','$2a$10$AcH7rXI4p6JP0FJmF9PyKObwBTIhcQ3jOQBle/l8Q3hDMshgKhoHa','123',4),(27,'zzz','1717234910128-Screenshot (8).png','admin@gmail.com','admin','$2a$10$937P/.rig.Owb3jnuwMMyeIdubiXiRr2JG3R7ZgF0RrksPSiCJsh6','0979376063',3),(29,'sdfa','','eqwr@gmail.com','adf','$2a$10$psJbicCaoS59ImsNTsyWf.FAQwQUINjDxK1nfntZ02IxmPKPZo2jC','123',3);
;


CREATE TABLE `products` (
  `id` bigint NOT NULL AUTO_INCREMENT,
  `detail_desc` varchar(1000) DEFAULT NULL,
  `factory` varchar(255) DEFAULT NULL,
  `image` varchar(255) DEFAULT NULL,
  `name` varchar(255) DEFAULT NULL,
  `price` double NOT NULL,
  `quantity` bigint NOT NULL,
  `short_desc` varchar(255) DEFAULT NULL,
  `sold` bigint NOT NULL,
  `target` varchar(255) DEFAULT NULL,
  `image_id` bigint DEFAULT NULL,
  `q_id` bigint DEFAULT NULL,
  `e_id` bigint DEFAULT NULL,
  `i_id` bigint DEFAULT NULL,
  `r_id` bigint DEFAULT NULL,
  `w_id` bigint DEFAULT NULL,
  PRIMARY KEY (`id`),
  KEY `FKn18ti2byyc5pbjr9cpjj7qkl9` (`image_id`),
  KEY `FKamotv95t1k9x7s6jbtenjmtl5` (`q_id`),
  KEY `FKdn9yq1hj5bhq4qr5y0ftnwgmd` (`e_id`),
  KEY `FKm17g52ajyjfqr5ub5x603072s` (`r_id`),
  KEY `FKe1e1mnubhl79x4xats3wvv24k` (`w_id`),
  KEY `FK2au06sfqyvn6sg2hgo9648dbl` (`i_id`),
  CONSTRAINT `FK2au06sfqyvn6sg2hgo9648dbl` FOREIGN KEY (`i_id`) REFERENCES `intrinsic` (`id`),
  CONSTRAINT `FKamotv95t1k9x7s6jbtenjmtl5` FOREIGN KEY (`q_id`) REFERENCES `q_skill` (`id`),
  CONSTRAINT `FKdn9yq1hj5bhq4qr5y0ftnwgmd` FOREIGN KEY (`e_id`) REFERENCES `e_skill` (`id`),
  CONSTRAINT `FKe1e1mnubhl79x4xats3wvv24k` FOREIGN KEY (`w_id`) REFERENCES `w_skill` (`id`),
  CONSTRAINT `FKka5j76jf0cu8nu2jkitdfq0o6` FOREIGN KEY (`i_id`) REFERENCES `intrinsic` (`id`),
  CONSTRAINT `FKm17g52ajyjfqr5ub5x603072s` FOREIGN KEY (`r_id`) REFERENCES `r_skill` (`id`),
  CONSTRAINT `FKn18ti2byyc5pbjr9cpjj7qkl9` FOREIGN KEY (`image_id`) REFERENCES `images` (`id`)
);


INSERT INTO `products` VALUES (1,'Từng là một kẻ săn mồi mạnh mẽ và bướng bỉnh, giờ đây Ahri ngao du khắp thế giới để tìm kiếm manh mối về tổ tiên của mình cũng như thay thế những ký ức bị đánh cắp bởi chính ký ức của bản thân cô.','NOXUS','Ahri_0.png','Ahri',115,100,'HỒ LY CHÍN ĐUÔI',0,'PHÁP SƯ',1,1,1,1,1,1),(2,'Từng là những người bảo hộ cao quý của Shurima để chống lại Hư Không, Aatrox cùng đồng bọn cuối cùng lại trở thành một mối hiểm họa còn lớn hơn đối với cả Runeterra, và chỉ bị đánh bại bằng món phép thuật khôn ngoan của nhân loại. Nhưng sau nhiều thế kỉ bị giam cầm, Aatrox là kẻ đầu tiên một lần nữa tìm về với tự do, bằng cách vấy bẩn và biến đổi những kẻ ngu ngốc dám cầm thử thứ vũ khí ma thuật chứa đựng linh hồn hắn.','DEMACIA','Aatrox_0.png','Aatrox',250,200,'QUỶ KIẾM DARKIN',0,'ĐẤU SĨ',2,2,2,2,2,2),(3,'Dù vẫn khắc ghi những gì học được từ Shen, cô đã thế sẽ tiêu diệt mọi kẻ thù của Ionia, từng mạng từng mạng một. Akali có thể ra tay trong yên lặng, nhưng thông điệp của cô rất rõ ràng: hãy khiếp sợ một sát thủ vô chủ.','IONIA','Akali_0.png','Akali',350,150,'SÁT THỦ ĐƠN ĐỘC',0,'SÁT THỦ',3,3,3,3,3,3),(4,'Azir là hoàng đế của Shurima từ một thời đại xa xưa, một kẻ kiêu hãnh đứng trên đỉnh của sự bất tử. Thói ngạo mạn đã khiến ngài bị phản bội và bị sát hại đúng thời khắc đắc thắng nhất. Nhưng giờ, qua hàng thiên niên kỷ sau, ngài đã tái thế và trở thành Thể Thăng Hoa đầy sức mạnh.','SHURIMA','Azir_0.png','Azir',550,99,'HOÀNG ĐẾ SA MẠC',0,'PHÁP SƯ',4,4,4,4,4,4),(5,'Cassiopeia là một sinh vật chết chóc thích thao túng kẻ khác để thực hiện ý đồ nham hiểm của mình. Từng là cô con gái út xinh đẹp nhất của gia tộc quý tộc Du Couteau xứ Noxus, ả đi xuống sâu dưới những hầm mộ Shurima để tìm kiếm sức mạnh cổ xưa.','SHURIMA','Cassiopeia_0.png','Cassiopeia',420,99,'XÀ NỮ',0,'PHÁP SƯ',5,5,5,5,5,5),(6,'Sử dụng ma thuật để tạo ra bản sao của chính mình, nữ phù thủy này có thể xuất hiện trước bất kỳ ai, ở bất kỳ đâu, và thậm chí là tại nhiều nơi cùng lúc. Luôn âm mưu gì đó ngoài tầm nhận thức, động cơ thực sự của LeBlanc cũng khó nắm bắt y như nhân dạng của ả vậy.','IONIA','Leblanc_0.png','Leblanc',110,99,'KẺ LỪA ĐẢO',0,'SÁT THỦ',6,6,6,6,6,6),(7,'Syndra là một pháp sư đáng sợ đến từ Ionia với quyền năng mạnh mẽ đến khó tin. Khi còn bé, cô khiến các trưởng lão trong làng lo lắng vì thứ ma thuật bất kham đó. Họ đưa cô đi học cách kiểm soát, nhưng cuối cùng cô phát hiện ra người đáng lẽ phải chỉ dạy cô lại đang kiềm chế sức mạnh của cô.','DEMACIA','Syndra_0.png','Syndra',750,99,'NỮ CHÚA BÓNG TỐI',0,'PHÁP SƯ',7,7,7,7,7,7),(8,'Một người Ionia đầy kiên định, chàng kiếm sĩ Yasuo được rèn luyện để sử dụng gió làm vũ khí tấn công kẻ thù. Khi còn trẻ, anh bị kết oan tội sát hại sư phụ - không thể chứng minh mình vô tội, anh buộc phải xuống tay với chính anh trai để tự vệ.','IONIA','Yasuo_0.png','Yasuo',100,99,'KẺ BẤT DUNG THỨ',0,'ĐẤU SĨ',8,8,8,8,8,8),(9,'Tàn nhẫn và không khoan nhượng, Zed là thủ lĩnh Hội Bóng Tối, một tổ chức hắn sáng lập với ý đồ quân sự hóa võ thuật truyền thống Ionia nhằm đánh đuổi bọn Noxus xâm lược. Trong chiến tranh, hắn liều mạng mở khóa phân thân bóng tối - một thứ ma thuật mạnh mẽ nhưng không kém phần nguy hiểm và tha hóa.','NOXUS','Zed_0.png','Zed',90,99,'CHÚA TỂ BÓNG TỐI',0,'SÁT THỦ',9,9,9,9,9,9),(10,'Twisted Fate là một tay lừa đảo đã từng đặt chân lên khắp nơi trên thế giới, giành lấy sự căm ghét và cả ngưỡng mộ của những tên nhà giàu ngốc nghếch. Hiếm khi nghiêm túc, hắn đón chào ngày mới với một nụ cười chế giễu và một điệu bộ nghênh ngang.','NOXUS','TwistedFate_0.png','TwistedFate',80,99,'THẦN BÀI',0,'PHÁP SƯ',10,10,10,10,10,10),(11,'Trong cuộc đời trước kia, anh từng là Yone - người anh trai của Yasuo, và là môn đồ nổi tiếng của trường kiếm trong làng. Nhưng sau khi bị hạ sát bởi chính tay người em trai mình, anh đã bị săn đuổi bởi một thực thể tà ác nơi linh giới, và buộc phải hạ gục nó bằng chính lưỡi kiếm của nó.','IONIA','Yone_0.png','Yone',110,44,'KẺ VỀ TỪ CÕI CHẾT',0,'SÁT THỦ',11,11,11,11,11,11),(12,'Xerath là Pháp Sư Thăng Hoa của Shurima cổ đại, một thực thể năng lượng huyền bí bị giằng xé trong những mảnh vỡ của một cỗ quan tài ma thuật. Trong hàng thiên niên kỷ, hắn mắc kẹt dưới lớp cát, nhưng khi Shurima trỗi dậy, hắn được giải thoát.','HƯ KHÔNG','Xerath_0.png','Xerath',125,1,'PHÁP SƯ THĂNG HOA',0,'PHÁP SƯ',12,12,12,12,12,12),(13,'Bậc thầy ma thuật đen Veigar đã đón nhận thứ sức mạnh mà ít kẻ phàm nào dám đến gần. Là một cư dân tự do tự tại của Thành Phố Bandle, hắn khao khát vượt qua giới hạn của phép thuật Yordle, và chuyển đổi nó sang dạng một cuốn cổ thư bị chôn giấu hàng ngàn năm. Giờ Veigar là một sinh vật cao ngạo sở hữu niềm say mê vô tận với những bí ẩn của vũ trụ, và thường bị kẻ khác đánh giá thấp - nhưng dù hắn tin mình thực sự xấu xa','HƯ KHÔNG','Veigar_0.png','Veigar',130,2,'BẬC THẦY TIỂU QUỶ',0,'PHÁP SƯ',13,13,13,13,13,13),(14,'Sett, thủ lĩnh thế giới ngầm tại Ionia đã nổi lên sau chiến tranh Noxus. Ban đầu, hắn chỉ là một võ sĩ trong đấu trường Navori, nhưng nhanh chóng nổi danh nhờ sức mạnh cùng sự lỳ đòn của mình. Sau khi lọt vào hàng ngũ dân quân, Sett dùng cơ bắp để leo tới đỉnh cao, thậm chí kiểm soát luôn những đấu trường nơi hắn từng lăn xả.','SHURIMA','Sett_0.png','Sett',210,2,'ĐẠI CA',0,'ĐẤU SĨ',14,14,14,14,14,14),(15,'Cô nàng tội phạm điên cuồng và bốc đồng xuất thân từ Zaun, Jinx, sống chỉ để tàn phá chứ chẳng bao giờ màng tới hậu quả. Cùng dàn vũ khí chết chóc của mình, cô xả ra những vụ nổ chói lóa, inh tai nhất và để lại chuỗi dài hỗn loạn phía sau. Jinx căm ghét sự buồn chán và thích thú khi thấy cảnh hoang tàn mang dấu ấn đặc trưng của chính cô ở mỗi nơi cô đặt chân tới.','NOXUS','Jinx_0.png','Jinx',350,3,'KHẨU PHÁO NỔI LOẠN',0,'XẠ THỦ',15,15,15,15,15,15),(16,'Một bóng ma của sự trừng phạt và báo thù, Kalista là cơn ác mộng được triệu hồi từ Quần Đảo Bóng Đêm để săn đuổi những kẻ lật lọng và phản bội. Những nạn nhân có thể khóc lóc cầu xin được trả thù, nhưng Kalista chỉ trả lời những ai sẵn sàng trả giá bằng chính linh hồn của họ. Đau khổ sẽ đến với những ai trở thành mục tiêu của Kalista, vì mọi giao kèo với người thợ săn tàn nhẫn này chỉ có thể kết thúc với ngọn lửa lạnh lẽo trên mũi giáo của cô.','NOXUS','Kalista_0.png','Kalista',450,2,'MŨI GIÁO PHỤC HẬN',0,'XẠ THỦ',16,16,16,16,16,16),(17,'Bậc thầy võ thuật cổ truyền xứ Ionia, Lee Sin, là một chiến binh sử dụng tinh hoa của loài rồng để đối mặt với bất kỳ thử thách nào. Dù bị mất đi thị giác nhiều năm trước, vị thầy tu này vẫn tiếp tục sứ mệnh cả đời bảo vệ quê hương Ionia chống lại bất kỳ ai dám phá vỡ sự cân bằng thiêng liêng của nơi đây. Những kẻ đánh giá thấp phong thái thiền định của anh sẽ sớm phải chịu những cú đấm bỏng cháy và cả những cú đá xoáy rực lửa.','DEMACIA','LeeSin_0.png','Leesin',600,2,'THẦY TU MÙ',0,'ĐẤU SĨ',17,17,17,17,17,17),(18,'Vệ Binh Ánh Sáng Lucian cũng được biết đến là một thợ săn chuyên lùng đám tinh linh bất tử, truy đuổi chúng không ngừng sau đó kết liễu chúng bằng đôi súng ngắn truyền lại sau cái chết của cha anh. Sau khi Thresh hạ sát vợ mình, Lucian bắt đầu con đường báo thù - nhưng kể cả khi cô sống lại, cơn cuồng nộ của anh cũng không tan biến. Kiên tâm, không khoan nhượng, Lucian sẽ làm mọi thứ để bảo vệ người sống khỏi lũ quái vật bước ra từ Màn Sương Đen.','DEMACIA','Lucian_0.png','Lucian',150,2,'KẺ THANH TRỪNG',0,'XẠ THỦ',18,18,18,18,18,18),(28,'updateasdsafsdfasdfsdafddddddddd','HƯ KHÔNG','1717141997882-06.JOIN 01.jpg','aaaaaa',3,0,'updatedfdf',0,'SÁT THỦ',NULL,NULL,NULL,NULL,NULL,NULL),(29,'asdfzzzzzzzzzzzzzzzzz','NOXUS','1715877197129-1006.png','asasdf',3,0,'aaaaaaaaaaaaaaaaaaaaf',0,'PHÁP SƯ',NULL,NULL,NULL,NULL,NULL,NULL),(30,'update','HƯ KHÔNG','1717142086593-Screenshot 2024-03-05 104935.png','aaaaaa',13,0,'update',0,'SÁT THỦ',NULL,NULL,NULL,NULL,NULL,NULL),(31,'Sau khi nhận tin báo, Đội Cảnh sát PCCC&CNCH Công an quận Đống Đa, phối hợp với lực lượng chức năng điều khoảng 10 xe chữa cháy cùng hàng chục cán bộ chiến sỹ tới để dập lửa, tìm kiếm người mắc kẹt. Tại khu vực đường Láng cũng xuất hiện xe cứu thương đợi sẵn.','NOXUS','1717140977280-06.JOIN 01.jpg','wqeqwe',4,0,'fsadfd',0,'PHÁP SƯ',NULL,NULL,NULL,NULL,NULL,NULL);

